<Ui xmlns="http://www.blizzard.com/wow/ui/" xmlns:xsi="http://www.w3.org/2001/XMLSchema-instance" xsi:schemaLocation="http://www.blizzard.com/wow/ui/
..\FrameXML\UI.xsd">
	<Script file="FocusComboFrame.lua"/>
	<Frame name="FocusComboPointTemplate" virtual="true">
		<Size>
			<AbsDimension x="12" y="12"/>
		</Size>
		<Layers>
			<Layer level="BACKGROUND">
				<Texture file="Interface\ComboFrame\ComboPoint">
					<Size>
						<AbsDimension x="12" y="16"/>
					</Size>
					<Anchors>
						<Anchor point="TOPLEFT"/>
					</Anchors>
					<TexCoords left="0" right="0.375" top="0" bottom="1"/>
				</Texture>
			</Layer>
			<Layer level="ARTWORK">
				<Texture name="$parentHighlight" file="Interface\ComboFrame\ComboPoint">
					<Size>
						<AbsDimension x="8" y="16"/>
					</Size>
					<Anchors>
						<Anchor point="TOPLEFT">
							<Offset>
								<AbsDimension x="2" y="0"/>
							</Offset>
						</Anchor>
					</Anchors>
					<TexCoords left="0.375" right="0.5625" top="0" bottom="1"/>
				</Texture>
			</Layer>
			<Layer level="OVERLAY">
				<Texture name="$parentShine" file="Interface\ComboFrame\ComboPoint" alphaMode="ADD">
					<Size>
						<AbsDimension x="14" y="16"/>
					</Size>
					<Anchors>
						<Anchor point="TOPLEFT">
							<Offset>
								<AbsDimension x="0" y="4"/>
							</Offset>
						</Anchor>
					</Anchors>
					<TexCoords left="0.5625" right="1" top="0" bottom="1"/>
					<Color r="1" g="1" b="1" a="0"/>
				</Texture>
			</Layer>
		</Layers>
	</Frame>
	<Frame name="FocusComboFrame" frameStrata="MEDIUM" toplevel="true" parent="UIParent" hidden="true" alpha="0">
		<Size>
			<AbsDimension x="256" y="32"/>
		</Size>
		<Anchors>
			<Anchor point="TOPRIGHT" relativeTo="FocusFrame">
				<Offset>
					<AbsDimension x="-44" y="-9"/>
				</Offset>
			</Anchor>
		</Anchors>
		<Frames>
			<Frame name="FocusComboPoint1" inherits="FocusComboPointTemplate">
				<Anchors>
					<Anchor point="TOPRIGHT">
						<Offset>
							<AbsDimension x="0" y="0"/>
						</Offset>
					</Anchor>
				</Anchors>
			</Frame>
			<Frame name="FocusComboPoint2" inherits="FocusComboPointTemplate">
				<Anchors>
					<Anchor point="TOP" relativeTo="FocusComboPoint1" relativePoint="BOTTOM">
						<Offset>
							<AbsDimension x="7" y="4"/>
						</Offset>
					</Anchor>
				</Anchors>
			</Frame>
			<Frame name="FocusComboPoint3" inherits="FocusComboPointTemplate">
				<Anchors>
					<Anchor point="TOP" relativeTo="FocusComboPoint2" relativePoint="BOTTOM">
						<Offset>
							<AbsDimension x="5" y="2"/>
						</Offset>
					</Anchor>
				</Anchors>
			</Frame>
			<Frame name="FocusComboPoint4" inherits="FocusComboPointTemplate">
				<Anchors>
					<Anchor point="TOP" relativeTo="FocusComboPoint3" relativePoint="BOTTOM">
						<Offset>
							<AbsDimension x="2" y="1"/>
						</Offset>
					</Anchor>
				</Anchors>
			</Frame>
			<Frame name="FocusComboPoint5" inherits="FocusComboPointTemplate">
				<Size>
					<AbsDimension x="15" y="18"/>
				</Size>
				<Anchors>
					<Anchor point="TOP" relativeTo="FocusComboPoint4" relativePoint="BOTTOM">
						<Offset>
							<AbsDimension x="0" y="1"/>
						</Offset>
					</Anchor>
				</Anchors>
			</Frame>
		</Frames>
		<Scripts>
			<OnLoad>
				self:RegisterEvent("PLAYER_FOCUS_CHANGED");
				self:RegisterEvent("UNIT_COMBO_POINTS");
				-- init alpha
				FocusComboPoint1Highlight:SetAlpha(0);
				FocusComboPoint1Shine:SetAlpha(0);
			</OnLoad>
			<OnEvent function="FocusComboFrame_OnEvent"/>
		</Scripts>
	</Frame>
</Ui>